{
  "n_folds": 5,
  "n_samples": 80,
  "aggregated_metrics": {
    "macro_auroc": {
      "mean": 0.7727550227550227,
      "std": 0.031027247690393802,
      "folds": [
        0.728937728937729,
        0.7579365079365079,
        0.8087121212121212,
        0.8077991452991453,
        0.7603896103896104
      ]
    },
    "macro_auprc": {
      "mean": 0.5844617974617974,
      "std": 0.09183375543081267,
      "folds": [
        0.5023148148148148,
        0.6588480963480964,
        0.7022571872571873,
        0.6,
        0.45888888888888885
      ]
    },
    "macro_f1": {
      "mean": 0.42607744107744105,
      "std": 0.10538602746730402,
      "folds": [
        0.3333333333333333,
        0.5694444444444443,
        0.5222222222222223,
        0.4090909090909091,
        0.2962962962962963
      ]
    },
    "macro_mcc": {
      "mean": 0.26459500437367556,
      "std": 0.1292129951083248,
      "folds": [
        0.16215911079900355,
        0.44592790725731685,
        0.3787677869901431,
        0.23299030168118162,
        0.10312991514073289
      ]
    },
    "macro_acc": {
      "mean": 0.7,
      "std": 0.038640077064565424,
      "folds": [
        0.7083333333333334,
        0.7291666666666666,
        0.7291666666666666,
        0.7083333333333334,
        0.625
      ]
    }
  },
  "per_fold_metrics": [
    {
      "task0_auroc": 0.75,
      "task0_auprc": 0.8125,
      "task0_f1": 0.5,
      "task0_mcc": 0.2886751345948129,
      "task0_acc": 0.625,
      "task1_auroc": 0.6153846153846154,
      "task1_auprc": 0.2777777777777778,
      "task1_f1": 0.0,
      "task1_mcc": -0.23076923076923078,
      "task1_acc": 0.625,
      "task2_auroc": 0.8214285714285714,
      "task2_auprc": 0.41666666666666663,
      "task2_f1": 0.5,
      "task2_mcc": 0.42857142857142855,
      "task2_acc": 0.875,
      "macro_auroc": 0.728937728937729,
      "macro_auprc": 0.5023148148148148,
      "macro_f1": 0.3333333333333333,
      "macro_mcc": 0.16215911079900355,
      "macro_acc": 0.7083333333333334,
      "val_loss": 2.0832221508026123
    },
    {
      "task0_auroc": 0.41666666666666663,
      "task0_auprc": 0.3098776223776224,
      "task0_f1": 0.375,
      "task0_mcc": 0.0,
      "task0_acc": 0.375,
      "task1_auroc": 1.0,
      "task1_auprc": 1.0,
      "task1_f1": 0.6666666666666666,
      "task1_mcc": 0.6546536707079772,
      "task1_acc": 0.875,
      "task2_auroc": 0.8571428571428572,
      "task2_auprc": 0.6666666666666666,
      "task2_f1": 0.6666666666666666,
      "task2_mcc": 0.6831300510639733,
      "task2_acc": 0.9375,
      "macro_auroc": 0.7579365079365079,
      "macro_auprc": 0.6588480963480964,
      "macro_f1": 0.5694444444444443,
      "macro_mcc": 0.44592790725731685,
      "macro_acc": 0.7291666666666666,
      "val_loss": 0.8220042586326599
    },
    {
      "task0_auroc": 0.5625,
      "task0_auprc": 0.3951048951048951,
      "task0_f1": 0.4,
      "task0_mcc": 0.14907119849998599,
      "task0_acc": 0.625,
      "task1_auroc": 0.8636363636363636,
      "task1_auprc": 0.7116666666666667,
      "task1_f1": 0.5,
      "task1_mcc": 0.3670584895244009,
      "task1_acc": 0.75,
      "task2_auroc": 1.0,
      "task2_auprc": 1.0,
      "task2_f1": 0.6666666666666666,
      "task2_mcc": 0.6201736729460423,
      "task2_acc": 0.8125,
      "macro_auroc": 0.8087121212121212,
      "macro_auprc": 0.7022571872571873,
      "macro_f1": 0.5222222222222223,
      "macro_mcc": 0.3787677869901431,
      "macro_acc": 0.7291666666666666,
      "val_loss": 1.1427019834518433
    },
    {
      "task0_auroc": 0.7708333333333333,
      "task0_auprc": 0.5861111111111111,
      "task0_f1": 0.5,
      "task0_mcc": 0.2886751345948129,
      "task0_acc": 0.625,
      "task1_auroc": 0.7692307692307692,
      "task1_auprc": 0.38333333333333336,
      "task1_f1": 0.0,
      "task1_mcc": -0.18156825980064073,
      "task1_acc": 0.6875,
      "task2_auroc": 0.8833333333333333,
      "task2_auprc": 0.8305555555555555,
      "task2_f1": 0.7272727272727273,
      "task2_mcc": 0.5918640302493726,
      "task2_acc": 0.8125,
      "macro_auroc": 0.8077991452991453,
      "macro_auprc": 0.6,
      "macro_f1": 0.4090909090909091,
      "macro_mcc": 0.23299030168118162,
      "macro_acc": 0.7083333333333334,
      "val_loss": 0.8872279524803162
    },
    {
      "task0_auroc": 0.7454545454545455,
      "task0_auprc": 0.61,
      "task0_f1": 0.4444444444444444,
      "task0_mcc": -0.021591675854376522,
      "task0_acc": 0.375,
      "task1_auroc": 0.8928571428571429,
      "task1_auprc": 0.5,
      "task1_f1": 0.4444444444444444,
      "task1_mcc": 0.42857142857142855,
      "task1_acc": 0.6875,
      "task2_auroc": 0.6428571428571429,
      "task2_auprc": 0.26666666666666666,
      "task2_f1": 0.0,
      "task2_mcc": -0.09759000729485333,
      "task2_acc": 0.8125,
      "macro_auroc": 0.7603896103896104,
      "macro_auprc": 0.45888888888888885,
      "macro_f1": 0.2962962962962963,
      "macro_mcc": 0.10312991514073289,
      "macro_acc": 0.625,
      "val_loss": 1.0170198678970337
    }
  ]
}